date,rate
2021-07-16T00:00:00,5.5
2021-07-15T00:00:00,5.5
2021-07-14T00:00:00,5.5
2021-07-13T00:00:00,5.5
2021-07-12T00:00:00,5.5
2021-07-09T00:00:00,5.5
2021-07-08T00:00:00,5.5
2021-07-07T00:00:00,5.5
2021-07-06T00:00:00,5.5
2021-07-05T00:00:00,5.5
2021-07-02T00:00:00,5.5
2021-07-01T00:00:00,5.5
2021-06-30T00:00:00,5.5
2021-06-29T00:00:00,5.5
2021-06-28T00:00:00,5.5
2021-06-25T00:00:00,5.5
2021-06-24T00:00:00,5.5
2021-06-23T00:00:00,5.5
2021-06-22T00:00:00,5.5
2021-06-21T00:00:00,5.5
2021-06-18T00:00:00,5.5
2021-06-17T00:00:00,5.5
2021-06-16T00:00:00,5.5
2021-06-15T00:00:00,5.5
2021-06-14T00:00:00,5.0
2021-06-11T00:00:00,5.0
2021-06-10T00:00:00,5.0
2021-06-09T00:00:00,5.0
2021-06-08T00:00:00,5.0
2021-06-07T00:00:00,5.0
2021-06-04T00:00:00,5.0
2021-06-03T00:00:00,5.0
2021-06-02T00:00:00,5.0
2021-06-01T00:00:00,5.0
2021-05-31T00:00:00,5.0
2021-05-28T00:00:00,5.0
2021-05-27T00:00:00,5.0
2021-05-26T00:00:00,5.0
2021-05-25T00:00:00,5.0
2021-05-24T00:00:00,5.0
2021-05-21T00:00:00,5.0
2021-05-20T00:00:00,5.0
2021-05-19T00:00:00,5.0
2021-05-18T00:00:00,5.0
2021-05-17T00:00:00,5.0
2021-05-14T00:00:00,5.0
2021-05-13T00:00:00,5.0
2021-05-12T00:00:00,5.0
2021-05-11T00:00:00,5.0
2021-05-07T00:00:00,5.0
2021-05-06T00:00:00,5.0
2021-05-05T00:00:00,5.0
2021-05-04T00:00:00,5.0
2021-04-30T00:00:00,5.0
2021-04-29T00:00:00,5.0
2021-04-28T00:00:00,5.0
2021-04-27T00:00:00,5.0
2021-04-26T00:00:00,5.0
2021-04-23T00:00:00,4.5
2021-04-22T00:00:00,4.5
2021-04-21T00:00:00,4.5
2021-04-20T00:00:00,4.5
2021-04-19T00:00:00,4.5
2021-04-16T00:00:00,4.5
2021-04-15T00:00:00,4.5
2021-04-14T00:00:00,4.5
2021-04-13T00:00:00,4.5
2021-04-12T00:00:00,4.5
2021-04-09T00:00:00,4.5
2021-04-08T00:00:00,4.5
2021-04-07T00:00:00,4.5
2021-04-06T00:00:00,4.5
2021-04-05T00:00:00,4.5
2021-04-02T00:00:00,4.5
2021-04-01T00:00:00,4.5
2021-03-31T00:00:00,4.5
2021-03-30T00:00:00,4.5
2021-03-29T00:00:00,4.5
2021-03-26T00:00:00,4.5
2021-03-25T00:00:00,4.5
2021-03-24T00:00:00,4.5
2021-03-23T00:00:00,4.5
2021-03-22T00:00:00,4.5
2021-03-19T00:00:00,4.25
2021-03-18T00:00:00,4.25
2021-03-17T00:00:00,4.25
2021-03-16T00:00:00,4.25
2021-03-15T00:00:00,4.25
2021-03-12T00:00:00,4.25
2021-03-11T00:00:00,4.25
2021-03-10T00:00:00,4.25
2021-03-09T00:00:00,4.25
2021-03-05T00:00:00,4.25
2021-03-04T00:00:00,4.25
2021-03-03T00:00:00,4.25
2021-03-02T00:00:00,4.25
2021-03-01T00:00:00,4.25
2021-02-26T00:00:00,4.25
2021-02-25T00:00:00,4.25
2021-02-24T00:00:00,4.25
2021-02-22T00:00:00,4.25
2021-02-20T00:00:00,4.25
2021-02-19T00:00:00,4.25
2021-02-18T00:00:00,4.25
2021-02-17T00:00:00,4.25
2021-02-16T00:00:00,4.25
2021-02-15T00:00:00,4.25
2021-02-12T00:00:00,4.25
2021-02-11T00:00:00,4.25
2021-02-10T00:00:00,4.25
2021-02-09T00:00:00,4.25
2021-02-08T00:00:00,4.25
2021-02-05T00:00:00,4.25
2021-02-04T00:00:00,4.25
2021-02-03T00:00:00,4.25
2021-02-02T00:00:00,4.25
2021-02-01T00:00:00,4.25
2021-01-29T00:00:00,4.25
2021-01-28T00:00:00,4.25
2021-01-27T00:00:00,4.25
2021-01-26T00:00:00,4.25
2021-01-25T00:00:00,4.25
2021-01-22T00:00:00,4.25
2021-01-21T00:00:00,4.25
2021-01-20T00:00:00,4.25
2021-01-19T00:00:00,4.25
2021-01-18T00:00:00,4.25
2021-01-15T00:00:00,4.25
2021-01-14T00:00:00,4.25
2021-01-13T00:00:00,4.25
2021-01-12T00:00:00,4.25
2021-01-11T00:00:00,4.25
2021-01-08T00:00:00,4.25
2021-01-06T00:00:00,4.25
2021-01-05T00:00:00,4.25
2021-01-04T00:00:00,4.25
2020-12-31T00:00:00,4.25
2020-12-30T00:00:00,4.25
2020-12-29T00:00:00,4.25
2020-12-28T00:00:00,4.25
2020-12-25T00:00:00,4.25
2020-12-24T00:00:00,4.25
2020-12-23T00:00:00,4.25
2020-12-22T00:00:00,4.25
2020-12-21T00:00:00,4.25
2020-12-18T00:00:00,4.25
2020-12-17T00:00:00,4.25
2020-12-16T00:00:00,4.25
2020-12-15T00:00:00,4.25
2020-12-14T00:00:00,4.25
2020-12-11T00:00:00,4.25
2020-12-10T00:00:00,4.25
2020-12-09T00:00:00,4.25
2020-12-08T00:00:00,4.25
2020-12-07T00:00:00,4.25
2020-12-04T00:00:00,4.25
2020-12-03T00:00:00,4.25
2020-12-02T00:00:00,4.25
2020-12-01T00:00:00,4.25
2020-11-30T00:00:00,4.25
2020-11-27T00:00:00,4.25
2020-11-26T00:00:00,4.25
2020-11-25T00:00:00,4.25
2020-11-24T00:00:00,4.25
2020-11-23T00:00:00,4.25
2020-11-20T00:00:00,4.25
2020-11-19T00:00:00,4.25
2020-11-18T00:00:00,4.25
2020-11-17T00:00:00,4.25
2020-11-16T00:00:00,4.25
2020-11-13T00:00:00,4.25
2020-11-12T00:00:00,4.25
2020-11-11T00:00:00,4.25
2020-11-10T00:00:00,4.25
2020-11-09T00:00:00,4.25
2020-11-06T00:00:00,4.25
2020-11-05T00:00:00,4.25
2020-11-03T00:00:00,4.25
2020-11-02T00:00:00,4.25
2020-10-30T00:00:00,4.25
2020-10-29T00:00:00,4.25
2020-10-28T00:00:00,4.25
2020-10-27T00:00:00,4.25
2020-10-26T00:00:00,4.25
2020-10-23T00:00:00,4.25
2020-10-22T00:00:00,4.25
2020-10-21T00:00:00,4.25
2020-10-20T00:00:00,4.25
2020-10-19T00:00:00,4.25
2020-10-16T00:00:00,4.25
2020-10-15T00:00:00,4.25
2020-10-14T00:00:00,4.25
2020-10-13T00:00:00,4.25
2020-10-12T00:00:00,4.25
2020-10-09T00:00:00,4.25
2020-10-08T00:00:00,4.25
2020-10-07T00:00:00,4.25
2020-10-06T00:00:00,4.25
2020-10-05T00:00:00,4.25
2020-10-02T00:00:00,4.25
2020-10-01T00:00:00,4.25
2020-09-30T00:00:00,4.25
2020-09-29T00:00:00,4.25
2020-09-28T00:00:00,4.25
2020-09-25T00:00:00,4.25
2020-09-24T00:00:00,4.25
2020-09-23T00:00:00,4.25
2020-09-22T00:00:00,4.25
2020-09-21T00:00:00,4.25
2020-09-18T00:00:00,4.25
2020-09-17T00:00:00,4.25
2020-09-16T00:00:00,4.25
2020-09-15T00:00:00,4.25
2020-09-14T00:00:00,4.25
2020-09-11T00:00:00,4.25
2020-09-10T00:00:00,4.25
2020-09-09T00:00:00,4.25
2020-09-08T00:00:00,4.25
2020-09-07T00:00:00,4.25
2020-09-04T00:00:00,4.25
2020-09-03T00:00:00,4.25
2020-09-02T00:00:00,4.25
2020-09-01T00:00:00,4.25
2020-08-31T00:00:00,4.25
2020-08-28T00:00:00,4.25
2020-08-27T00:00:00,4.25
2020-08-26T00:00:00,4.25
2020-08-25T00:00:00,4.25
2020-08-24T00:00:00,4.25
2020-08-21T00:00:00,4.25
2020-08-20T00:00:00,4.25
2020-08-19T00:00:00,4.25
2020-08-18T00:00:00,4.25
2020-08-17T00:00:00,4.25
2020-08-14T00:00:00,4.25
2020-08-13T00:00:00,4.25
2020-08-12T00:00:00,4.25
2020-08-11T00:00:00,4.25
2020-08-10T00:00:00,4.25
2020-08-07T00:00:00,4.25
2020-08-06T00:00:00,4.25
2020-08-05T00:00:00,4.25
2020-08-04T00:00:00,4.25
2020-08-03T00:00:00,4.25
2020-07-31T00:00:00,4.25
2020-07-30T00:00:00,4.25
2020-07-29T00:00:00,4.25
2020-07-28T00:00:00,4.25
2020-07-27T00:00:00,4.25
2020-07-24T00:00:00,4.5
2020-07-23T00:00:00,4.5
2020-07-22T00:00:00,4.5
2020-07-21T00:00:00,4.5
2020-07-20T00:00:00,4.5
2020-07-17T00:00:00,4.5
2020-07-16T00:00:00,4.5
2020-07-15T00:00:00,4.5
2020-07-14T00:00:00,4.5
2020-07-13T00:00:00,4.5
2020-07-10T00:00:00,4.5
2020-07-09T00:00:00,4.5
2020-07-08T00:00:00,4.5
2020-07-07T00:00:00,4.5
2020-07-06T00:00:00,4.5
2020-07-03T00:00:00,4.5
2020-07-02T00:00:00,4.5
2020-06-30T00:00:00,4.5
2020-06-29T00:00:00,4.5
2020-06-26T00:00:00,4.5
2020-06-25T00:00:00,4.5
2020-06-23T00:00:00,4.5
2020-06-22T00:00:00,4.5
2020-06-19T00:00:00,5.5
2020-06-18T00:00:00,5.5
2020-06-17T00:00:00,5.5
2020-06-16T00:00:00,5.5
2020-06-15T00:00:00,5.5
2020-06-11T00:00:00,5.5
2020-06-10T00:00:00,5.5
2020-06-09T00:00:00,5.5
2020-06-08T00:00:00,5.5
2020-06-05T00:00:00,5.5
2020-06-04T00:00:00,5.5
2020-06-03T00:00:00,5.5
2020-06-02T00:00:00,5.5
2020-06-01T00:00:00,5.5
2020-05-29T00:00:00,5.5
2020-05-28T00:00:00,5.5
2020-05-27T00:00:00,5.5
2020-05-26T00:00:00,5.5
2020-05-25T00:00:00,5.5
2020-05-22T00:00:00,5.5
2020-05-21T00:00:00,5.5
2020-05-20T00:00:00,5.5
2020-05-19T00:00:00,5.5
2020-05-18T00:00:00,5.5
2020-05-15T00:00:00,5.5
2020-05-14T00:00:00,5.5
2020-05-13T00:00:00,5.5
2020-05-12T00:00:00,5.5
2020-05-08T00:00:00,5.5
2020-05-07T00:00:00,5.5
2020-05-06T00:00:00,5.5
2020-05-05T00:00:00,5.5
2020-05-04T00:00:00,5.5
2020-04-30T00:00:00,5.5
2020-04-29T00:00:00,5.5
2020-04-28T00:00:00,5.5
2020-04-27T00:00:00,5.5
2020-04-24T00:00:00,6.0
2020-04-23T00:00:00,6.0
2020-04-22T00:00:00,6.0
2020-04-21T00:00:00,6.0
2020-04-20T00:00:00,6.0
2020-04-17T00:00:00,6.0
2020-04-16T00:00:00,6.0
2020-04-15T00:00:00,6.0
2020-04-14T00:00:00,6.0
2020-04-13T00:00:00,6.0
2020-04-10T00:00:00,6.0
2020-04-09T00:00:00,6.0
2020-04-08T00:00:00,6.0
2020-04-07T00:00:00,6.0
2020-04-06T00:00:00,6.0
2020-04-03T00:00:00,6.0
2020-04-02T00:00:00,6.0
2020-04-01T00:00:00,6.0
2020-03-31T00:00:00,6.0
2020-03-30T00:00:00,6.0
2020-03-27T00:00:00,6.0
2020-03-26T00:00:00,6.0
2020-03-25T00:00:00,6.0
2020-03-24T00:00:00,6.0
2020-03-23T00:00:00,6.0
2020-03-20T00:00:00,6.0
2020-03-19T00:00:00,6.0
2020-03-18T00:00:00,6.0
2020-03-17T00:00:00,6.0
2020-03-16T00:00:00,6.0
2020-03-13T00:00:00,6.0
2020-03-12T00:00:00,6.0
2020-03-11T00:00:00,6.0
2020-03-10T00:00:00,6.0
2020-03-06T00:00:00,6.0
2020-03-05T00:00:00,6.0
2020-03-04T00:00:00,6.0
2020-03-03T00:00:00,6.0
2020-03-02T00:00:00,6.0
2020-02-28T00:00:00,6.0
2020-02-27T00:00:00,6.0
2020-02-26T00:00:00,6.0
2020-02-25T00:00:00,6.0
2020-02-21T00:00:00,6.0
2020-02-20T00:00:00,6.0
2020-02-19T00:00:00,6.0
2020-02-18T00:00:00,6.0
2020-02-17T00:00:00,6.0
2020-02-14T00:00:00,6.0
2020-02-13T00:00:00,6.0
2020-02-12T00:00:00,6.0
2020-02-11T00:00:00,6.0
2020-02-10T00:00:00,6.0
2020-02-07T00:00:00,6.25
2020-02-06T00:00:00,6.25
2020-02-05T00:00:00,6.25
2020-02-04T00:00:00,6.25
2020-02-03T00:00:00,6.25
2020-01-31T00:00:00,6.25
2020-01-30T00:00:00,6.25
2020-01-29T00:00:00,6.25
2020-01-28T00:00:00,6.25
2020-01-27T00:00:00,6.25
2020-01-24T00:00:00,6.25
2020-01-23T00:00:00,6.25
2020-01-22T00:00:00,6.25
2020-01-21T00:00:00,6.25
2020-01-20T00:00:00,6.25
2020-01-17T00:00:00,6.25
2020-01-16T00:00:00,6.25
2020-01-15T00:00:00,6.25
2020-01-14T00:00:00,6.25
2020-01-13T00:00:00,6.25
2020-01-10T00:00:00,6.25
2020-01-09T00:00:00,6.25
2020-01-08T00:00:00,6.25
2020-01-06T00:00:00,6.25
2020-01-03T00:00:00,6.25
2019-12-31T00:00:00,6.25
2019-12-30T00:00:00,6.25
2019-12-27T00:00:00,6.25
2019-12-26T00:00:00,6.25
2019-12-25T00:00:00,6.25
2019-12-24T00:00:00,6.25
2019-12-23T00:00:00,6.25
2019-12-20T00:00:00,6.25
2019-12-19T00:00:00,6.25
2019-12-18T00:00:00,6.25
2019-12-17T00:00:00,6.25
2019-12-16T00:00:00,6.25
2019-12-13T00:00:00,6.5
2019-12-12T00:00:00,6.5
2019-12-11T00:00:00,6.5
2019-12-10T00:00:00,6.5
2019-12-09T00:00:00,6.5
2019-12-06T00:00:00,6.5
2019-12-05T00:00:00,6.5
2019-12-04T00:00:00,6.5
2019-12-03T00:00:00,6.5
2019-12-02T00:00:00,6.5
2019-11-29T00:00:00,6.5
2019-11-28T00:00:00,6.5
2019-11-27T00:00:00,6.5
2019-11-26T00:00:00,6.5
2019-11-25T00:00:00,6.5
2019-11-22T00:00:00,6.5
2019-11-21T00:00:00,6.5
2019-11-20T00:00:00,6.5
2019-11-19T00:00:00,6.5
2019-11-18T00:00:00,6.5
2019-11-15T00:00:00,6.5
2019-11-14T00:00:00,6.5
2019-11-13T00:00:00,6.5
2019-11-12T00:00:00,6.5
2019-11-11T00:00:00,6.5
2019-11-08T00:00:00,6.5
2019-11-07T00:00:00,6.5
2019-11-06T00:00:00,6.5
2019-11-05T00:00:00,6.5
2019-11-01T00:00:00,6.5
2019-10-31T00:00:00,6.5
2019-10-30T00:00:00,6.5
2019-10-29T00:00:00,6.5
2019-10-28T00:00:00,6.5
2019-10-25T00:00:00,7.0
2019-10-24T00:00:00,7.0
2019-10-23T00:00:00,7.0
2019-10-22T00:00:00,7.0
2019-10-21T00:00:00,7.0
2019-10-18T00:00:00,7.0
2019-10-17T00:00:00,7.0
2019-10-16T00:00:00,7.0
2019-10-15T00:00:00,7.0
2019-10-14T00:00:00,7.0
2019-10-11T00:00:00,7.0
2019-10-10T00:00:00,7.0
2019-10-09T00:00:00,7.0
2019-10-08T00:00:00,7.0
2019-10-07T00:00:00,7.0
2019-10-04T00:00:00,7.0
2019-10-03T00:00:00,7.0
2019-10-02T00:00:00,7.0
2019-10-01T00:00:00,7.0
2019-09-30T00:00:00,7.0
2019-09-27T00:00:00,7.0
2019-09-26T00:00:00,7.0
2019-09-25T00:00:00,7.0
2019-09-24T00:00:00,7.0
2019-09-23T00:00:00,7.0
2019-09-20T00:00:00,7.0
2019-09-19T00:00:00,7.0
2019-09-18T00:00:00,7.0
2019-09-17T00:00:00,7.0
2019-09-16T00:00:00,7.0
2019-09-13T00:00:00,7.0
2019-09-12T00:00:00,7.0
2019-09-11T00:00:00,7.0
2019-09-10T00:00:00,7.0
2019-09-09T00:00:00,7.0
2019-09-06T00:00:00,7.25
2019-09-05T00:00:00,7.25
2019-09-04T00:00:00,7.25
2019-09-03T00:00:00,7.25
2019-09-02T00:00:00,7.25
2019-08-30T00:00:00,7.25
2019-08-29T00:00:00,7.25
2019-08-28T00:00:00,7.25
2019-08-27T00:00:00,7.25
2019-08-26T00:00:00,7.25
2019-08-23T00:00:00,7.25
2019-08-22T00:00:00,7.25
2019-08-21T00:00:00,7.25
2019-08-20T00:00:00,7.25
2019-08-19T00:00:00,7.25
2019-08-16T00:00:00,7.25
2019-08-15T00:00:00,7.25
2019-08-14T00:00:00,7.25
2019-08-13T00:00:00,7.25
2019-08-12T00:00:00,7.25
2019-08-09T00:00:00,7.25
2019-08-08T00:00:00,7.25
2019-08-07T00:00:00,7.25
2019-08-06T00:00:00,7.25
2019-08-05T00:00:00,7.25
2019-08-02T00:00:00,7.25
2019-08-01T00:00:00,7.25
2019-07-31T00:00:00,7.25
2019-07-30T00:00:00,7.25
2019-07-29T00:00:00,7.25
2019-07-26T00:00:00,7.5
2019-07-25T00:00:00,7.5
2019-07-24T00:00:00,7.5
2019-07-23T00:00:00,7.5
2019-07-22T00:00:00,7.5
2019-07-19T00:00:00,7.5
2019-07-18T00:00:00,7.5
2019-07-17T00:00:00,7.5
2019-07-16T00:00:00,7.5
2019-07-15T00:00:00,7.5
2019-07-12T00:00:00,7.5
2019-07-11T00:00:00,7.5
2019-07-10T00:00:00,7.5
2019-07-09T00:00:00,7.5
2019-07-08T00:00:00,7.5
2019-07-05T00:00:00,7.5
2019-07-04T00:00:00,7.5
2019-07-03T00:00:00,7.5
2019-07-02T00:00:00,7.5
2019-07-01T00:00:00,7.5
2019-06-28T00:00:00,7.5
2019-06-27T00:00:00,7.5
2019-06-26T00:00:00,7.5
2019-06-25T00:00:00,7.5
2019-06-24T00:00:00,7.5
2019-06-21T00:00:00,7.5
2019-06-20T00:00:00,7.5
2019-06-19T00:00:00,7.5
2019-06-18T00:00:00,7.5
2019-06-17T00:00:00,7.5
2019-06-14T00:00:00,7.75
2019-06-13T00:00:00,7.75
2019-06-12T00:00:00,7.75
2019-06-11T00:00:00,7.75
2019-06-10T00:00:00,7.75
2019-06-07T00:00:00,7.75
2019-06-06T00:00:00,7.75
2019-06-05T00:00:00,7.75
2019-06-04T00:00:00,7.75
2019-06-03T00:00:00,7.75
2019-05-31T00:00:00,7.75
2019-05-30T00:00:00,7.75
2019-05-29T00:00:00,7.75
2019-05-28T00:00:00,7.75
2019-05-27T00:00:00,7.75
2019-05-24T00:00:00,7.75
2019-05-23T00:00:00,7.75
2019-05-22T00:00:00,7.75
2019-05-21T00:00:00,7.75
2019-05-20T00:00:00,7.75
2019-05-17T00:00:00,7.75
2019-05-16T00:00:00,7.75
2019-05-15T00:00:00,7.75
2019-05-14T00:00:00,7.75
2019-05-13T00:00:00,7.75
2019-05-08T00:00:00,7.75
2019-05-07T00:00:00,7.75
2019-05-06T00:00:00,7.75
2019-04-30T00:00:00,7.75
2019-04-29T00:00:00,7.75
2019-04-26T00:00:00,7.75
2019-04-25T00:00:00,7.75
2019-04-24T00:00:00,7.75
2019-04-23T00:00:00,7.75
2019-04-22T00:00:00,7.75
2019-04-19T00:00:00,7.75
2019-04-18T00:00:00,7.75
2019-04-17T00:00:00,7.75
2019-04-16T00:00:00,7.75
2019-04-15T00:00:00,7.75
2019-04-12T00:00:00,7.75
2019-04-11T00:00:00,7.75
2019-04-10T00:00:00,7.75
2019-04-09T00:00:00,7.75
2019-04-08T00:00:00,7.75
2019-04-05T00:00:00,7.75
2019-04-04T00:00:00,7.75
2019-04-03T00:00:00,7.75
2019-04-02T00:00:00,7.75
2019-04-01T00:00:00,7.75
2019-03-29T00:00:00,7.75
2019-03-28T00:00:00,7.75
2019-03-27T00:00:00,7.75
2019-03-26T00:00:00,7.75
2019-03-25T00:00:00,7.75
2019-03-22T00:00:00,7.75
2019-03-21T00:00:00,7.75
2019-03-20T00:00:00,7.75
2019-03-19T00:00:00,7.75
2019-03-18T00:00:00,7.75
2019-03-15T00:00:00,7.75
2019-03-14T00:00:00,7.75
2019-03-13T00:00:00,7.75
2019-03-12T00:00:00,7.75
2019-03-11T00:00:00,7.75
2019-03-07T00:00:00,7.75
2019-03-06T00:00:00,7.75
2019-03-05T00:00:00,7.75
2019-03-04T00:00:00,7.75
2019-03-01T00:00:00,7.75
2019-02-28T00:00:00,7.75
2019-02-27T00:00:00,7.75
2019-02-26T00:00:00,7.75
2019-02-25T00:00:00,7.75
2019-02-22T00:00:00,7.75
2019-02-21T00:00:00,7.75
2019-02-20T00:00:00,7.75
2019-02-19T00:00:00,7.75
2019-02-18T00:00:00,7.75
2019-02-15T00:00:00,7.75
2019-02-14T00:00:00,7.75
2019-02-13T00:00:00,7.75
2019-02-12T00:00:00,7.75
2019-02-11T00:00:00,7.75
2019-02-08T00:00:00,7.75
2019-02-07T00:00:00,7.75
2019-02-06T00:00:00,7.75
2019-02-05T00:00:00,7.75
2019-02-04T00:00:00,7.75
2019-02-01T00:00:00,7.75
2019-01-31T00:00:00,7.75
2019-01-30T00:00:00,7.75
2019-01-29T00:00:00,7.75
2019-01-28T00:00:00,7.75
2019-01-25T00:00:00,7.75
2019-01-24T00:00:00,7.75
2019-01-23T00:00:00,7.75
2019-01-22T00:00:00,7.75
2019-01-21T00:00:00,7.75
2019-01-18T00:00:00,7.75
2019-01-17T00:00:00,7.75
2019-01-16T00:00:00,7.75
2019-01-15T00:00:00,7.75
2019-01-14T00:00:00,7.75
2019-01-11T00:00:00,7.75
2019-01-10T00:00:00,7.75
2019-01-09T00:00:00,7.75
2018-12-28T00:00:00,7.75
2018-12-27T00:00:00,7.75
2018-12-26T00:00:00,7.75
2018-12-25T00:00:00,7.75
2018-12-24T00:00:00,7.75
2018-12-21T00:00:00,7.75
2018-12-20T00:00:00,7.75
2018-12-19T00:00:00,7.75
2018-12-18T00:00:00,7.75
2018-12-17T00:00:00,7.75
2018-12-14T00:00:00,7.5
2018-12-13T00:00:00,7.5
2018-12-12T00:00:00,7.5
2018-12-11T00:00:00,7.5
2018-12-10T00:00:00,7.5
2018-12-07T00:00:00,7.5
2018-12-06T00:00:00,7.5
2018-12-05T00:00:00,7.5
2018-12-04T00:00:00,7.5
2018-12-03T00:00:00,7.5
2018-11-30T00:00:00,7.5
2018-11-29T00:00:00,7.5
2018-11-28T00:00:00,7.5
2018-11-27T00:00:00,7.5
2018-11-26T00:00:00,7.5
2018-11-23T00:00:00,7.5
2018-11-22T00:00:00,7.5
2018-11-21T00:00:00,7.5
2018-11-20T00:00:00,7.5
2018-11-19T00:00:00,7.5
2018-11-16T00:00:00,7.5
2018-11-15T00:00:00,7.5
2018-11-14T00:00:00,7.5
2018-11-13T00:00:00,7.5
2018-11-12T00:00:00,7.5
2018-11-09T00:00:00,7.5
2018-11-08T00:00:00,7.5
2018-11-07T00:00:00,7.5
2018-11-06T00:00:00,7.5
2018-11-02T00:00:00,7.5
2018-11-01T00:00:00,7.5
2018-10-31T00:00:00,7.5
2018-10-30T00:00:00,7.5
2018-10-29T00:00:00,7.5
2018-10-26T00:00:00,7.5
2018-10-25T00:00:00,7.5
2018-10-24T00:00:00,7.5
2018-10-23T00:00:00,7.5
2018-10-22T00:00:00,7.5
2018-10-19T00:00:00,7.5
2018-10-18T00:00:00,7.5
2018-10-17T00:00:00,7.5
2018-10-16T00:00:00,7.5
2018-10-15T00:00:00,7.5
2018-10-12T00:00:00,7.5
2018-10-11T00:00:00,7.5
2018-10-10T00:00:00,7.5
2018-10-09T00:00:00,7.5
2018-10-08T00:00:00,7.5
2018-10-05T00:00:00,7.5
2018-10-04T00:00:00,7.5
2018-10-03T00:00:00,7.5
2018-10-02T00:00:00,7.5
2018-10-01T00:00:00,7.5
2018-09-28T00:00:00,7.5
2018-09-27T00:00:00,7.5
2018-09-26T00:00:00,7.5
2018-09-25T00:00:00,7.5
2018-09-24T00:00:00,7.5
2018-09-21T00:00:00,7.5
2018-09-20T00:00:00,7.5
2018-09-19T00:00:00,7.5
2018-09-18T00:00:00,7.5
2018-09-17T00:00:00,7.5
2018-09-14T00:00:00,7.25
2018-09-13T00:00:00,7.25
2018-09-12T00:00:00,7.25
2018-09-11T00:00:00,7.25
2018-09-10T00:00:00,7.25
2018-09-07T00:00:00,7.25
2018-09-06T00:00:00,7.25
2018-09-05T00:00:00,7.25
2018-09-04T00:00:00,7.25
2018-09-03T00:00:00,7.25
2018-08-31T00:00:00,7.25
2018-08-30T00:00:00,7.25
2018-08-29T00:00:00,7.25
2018-08-28T00:00:00,7.25
2018-08-27T00:00:00,7.25
2018-08-24T00:00:00,7.25
2018-08-23T00:00:00,7.25
2018-08-22T00:00:00,7.25
2018-08-21T00:00:00,7.25
2018-08-20T00:00:00,7.25
2018-08-17T00:00:00,7.25
2018-08-16T00:00:00,7.25
2018-08-15T00:00:00,7.25
2018-08-14T00:00:00,7.25
2018-08-13T00:00:00,7.25
2018-08-10T00:00:00,7.25
2018-08-09T00:00:00,7.25
2018-08-08T00:00:00,7.25
2018-08-07T00:00:00,7.25
2018-08-06T00:00:00,7.25
2018-08-03T00:00:00,7.25
2018-08-02T00:00:00,7.25
2018-08-01T00:00:00,7.25
2018-07-31T00:00:00,7.25
2018-07-30T00:00:00,7.25
2018-07-27T00:00:00,7.25
2018-07-26T00:00:00,7.25
2018-07-25T00:00:00,7.25
2018-07-24T00:00:00,7.25
2018-07-23T00:00:00,7.25
2018-07-20T00:00:00,7.25
2018-07-19T00:00:00,7.25
2018-07-18T00:00:00,7.25
2018-07-17T00:00:00,7.25
2018-07-16T00:00:00,7.25
2018-07-13T00:00:00,7.25
2018-07-12T00:00:00,7.25
2018-07-11T00:00:00,7.25
2018-07-10T00:00:00,7.25
2018-07-09T00:00:00,7.25
2018-07-06T00:00:00,7.25
2018-07-05T00:00:00,7.25
2018-07-04T00:00:00,7.25
2018-07-03T00:00:00,7.25
2018-07-02T00:00:00,7.25
2018-06-29T00:00:00,7.25
2018-06-28T00:00:00,7.25
2018-06-27T00:00:00,7.25
2018-06-26T00:00:00,7.25
2018-06-25T00:00:00,7.25
2018-06-22T00:00:00,7.25
2018-06-21T00:00:00,7.25
2018-06-20T00:00:00,7.25
2018-06-19T00:00:00,7.25
2018-06-18T00:00:00,7.25
2018-06-15T00:00:00,7.25
2018-06-14T00:00:00,7.25
2018-06-13T00:00:00,7.25
2018-06-09T00:00:00,7.25
2018-06-08T00:00:00,7.25
2018-06-07T00:00:00,7.25
2018-06-06T00:00:00,7.25
2018-06-05T00:00:00,7.25
2018-06-04T00:00:00,7.25
2018-06-01T00:00:00,7.25
2018-05-31T00:00:00,7.25
2018-05-30T00:00:00,7.25
2018-05-29T00:00:00,7.25
2018-05-28T00:00:00,7.25
2018-05-25T00:00:00,7.25
2018-05-24T00:00:00,7.25
2018-05-23T00:00:00,7.25
2018-05-22T00:00:00,7.25
2018-05-21T00:00:00,7.25
2018-05-18T00:00:00,7.25
2018-05-17T00:00:00,7.25
2018-05-16T00:00:00,7.25
2018-05-15T00:00:00,7.25
2018-05-14T00:00:00,7.25
2018-05-11T00:00:00,7.25
2018-05-10T00:00:00,7.25
2018-05-08T00:00:00,7.25
2018-05-07T00:00:00,7.25
2018-05-04T00:00:00,7.25
2018-05-03T00:00:00,7.25
2018-04-28T00:00:00,7.25
2018-04-27T00:00:00,7.25
2018-04-26T00:00:00,7.25
2018-04-25T00:00:00,7.25
2018-04-24T00:00:00,7.25
2018-04-23T00:00:00,7.25
2018-04-20T00:00:00,7.25
2018-04-19T00:00:00,7.25
2018-04-18T00:00:00,7.25
2018-04-17T00:00:00,7.25
2018-04-16T00:00:00,7.25
2018-04-13T00:00:00,7.25
2018-04-12T00:00:00,7.25
2018-04-11T00:00:00,7.25
2018-04-10T00:00:00,7.25
2018-04-09T00:00:00,7.25
2018-04-06T00:00:00,7.25
2018-04-05T00:00:00,7.25
2018-04-04T00:00:00,7.25
2018-04-03T00:00:00,7.25
2018-04-02T00:00:00,7.25
2018-03-30T00:00:00,7.25
2018-03-29T00:00:00,7.25
2018-03-28T00:00:00,7.25
2018-03-27T00:00:00,7.25
2018-03-26T00:00:00,7.25
2018-03-23T00:00:00,7.5
2018-03-22T00:00:00,7.5
2018-03-21T00:00:00,7.5
2018-03-20T00:00:00,7.5
2018-03-19T00:00:00,7.5
2018-03-16T00:00:00,7.5
2018-03-15T00:00:00,7.5
2018-03-14T00:00:00,7.5
2018-03-13T00:00:00,7.5
2018-03-12T00:00:00,7.5
2018-03-07T00:00:00,7.5
2018-03-06T00:00:00,7.5
2018-03-05T00:00:00,7.5
2018-03-02T00:00:00,7.5
2018-03-01T00:00:00,7.5
2018-02-28T00:00:00,7.5
2018-02-27T00:00:00,7.5
2018-02-26T00:00:00,7.5
2018-02-22T00:00:00,7.5
2018-02-21T00:00:00,7.5
2018-02-20T00:00:00,7.5
2018-02-19T00:00:00,7.5
2018-02-16T00:00:00,7.5
2018-02-15T00:00:00,7.5
2018-02-14T00:00:00,7.5
2018-02-13T00:00:00,7.5
2018-02-12T00:00:00,7.5
2018-02-09T00:00:00,7.75
2018-02-08T00:00:00,7.75
2018-02-07T00:00:00,7.75
2018-02-06T00:00:00,7.75
2018-02-05T00:00:00,7.75
2018-02-02T00:00:00,7.75
2018-02-01T00:00:00,7.75
2018-01-31T00:00:00,7.75
2018-01-30T00:00:00,7.75
2018-01-29T00:00:00,7.75
2018-01-26T00:00:00,7.75
2018-01-25T00:00:00,7.75
2018-01-24T00:00:00,7.75
2018-01-23T00:00:00,7.75
2018-01-22T00:00:00,7.75
2018-01-19T00:00:00,7.75
2018-01-18T00:00:00,7.75
2018-01-17T00:00:00,7.75
2018-01-16T00:00:00,7.75
2018-01-15T00:00:00,7.75
2018-01-12T00:00:00,7.75
2018-01-11T00:00:00,7.75
2018-01-10T00:00:00,7.75
2018-01-09T00:00:00,7.75
2017-12-29T00:00:00,7.75
2017-12-28T00:00:00,7.75
2017-12-27T00:00:00,7.75
2017-12-26T00:00:00,7.75
2017-12-25T00:00:00,7.75
2017-12-22T00:00:00,7.75
2017-12-21T00:00:00,7.75
2017-12-20T00:00:00,7.75
2017-12-19T00:00:00,7.75
2017-12-18T00:00:00,7.75
2017-12-15T00:00:00,8.25
2017-12-14T00:00:00,8.25
2017-12-13T00:00:00,8.25
2017-12-12T00:00:00,8.25
2017-12-11T00:00:00,8.25
2017-12-08T00:00:00,8.25
2017-12-07T00:00:00,8.25
2017-12-06T00:00:00,8.25
2017-12-05T00:00:00,8.25
2017-12-04T00:00:00,8.25
2017-12-01T00:00:00,8.25
2017-11-30T00:00:00,8.25
2017-11-29T00:00:00,8.25
2017-11-28T00:00:00,8.25
2017-11-27T00:00:00,8.25
2017-11-24T00:00:00,8.25
2017-11-23T00:00:00,8.25
2017-11-22T00:00:00,8.25
2017-11-21T00:00:00,8.25
2017-11-20T00:00:00,8.25
2017-11-17T00:00:00,8.25
2017-11-16T00:00:00,8.25
2017-11-15T00:00:00,8.25
2017-11-14T00:00:00,8.25
2017-11-13T00:00:00,8.25
2017-11-10T00:00:00,8.25
2017-11-09T00:00:00,8.25
2017-11-08T00:00:00,8.25
2017-11-07T00:00:00,8.25
2017-11-03T00:00:00,8.25
2017-11-02T00:00:00,8.25
2017-11-01T00:00:00,8.25
2017-10-31T00:00:00,8.25
2017-10-30T00:00:00,8.25
2017-10-27T00:00:00,8.5
2017-10-26T00:00:00,8.5
2017-10-25T00:00:00,8.5
2017-10-24T00:00:00,8.5
2017-10-23T00:00:00,8.5
2017-10-20T00:00:00,8.5
2017-10-19T00:00:00,8.5
2017-10-18T00:00:00,8.5
2017-10-17T00:00:00,8.5
2017-10-16T00:00:00,8.5
2017-10-13T00:00:00,8.5
2017-10-12T00:00:00,8.5
2017-10-11T00:00:00,8.5
2017-10-10T00:00:00,8.5
2017-10-09T00:00:00,8.5
2017-10-06T00:00:00,8.5
2017-10-05T00:00:00,8.5
2017-10-04T00:00:00,8.5
2017-10-03T00:00:00,8.5
2017-10-02T00:00:00,8.5
2017-09-29T00:00:00,8.5
2017-09-28T00:00:00,8.5
2017-09-27T00:00:00,8.5
2017-09-26T00:00:00,8.5
2017-09-25T00:00:00,8.5
2017-09-22T00:00:00,8.5
2017-09-21T00:00:00,8.5
2017-09-20T00:00:00,8.5
2017-09-19T00:00:00,8.5
2017-09-18T00:00:00,8.5
2017-09-15T00:00:00,9.0
2017-09-14T00:00:00,9.0
2017-09-13T00:00:00,9.0
2017-09-12T00:00:00,9.0
2017-09-11T00:00:00,9.0
2017-09-08T00:00:00,9.0
2017-09-07T00:00:00,9.0
2017-09-06T00:00:00,9.0
2017-09-05T00:00:00,9.0
2017-09-04T00:00:00,9.0
2017-09-01T00:00:00,9.0
2017-08-31T00:00:00,9.0
2017-08-30T00:00:00,9.0
2017-08-29T00:00:00,9.0
2017-08-28T00:00:00,9.0
2017-08-25T00:00:00,9.0
2017-08-24T00:00:00,9.0
2017-08-23T00:00:00,9.0
2017-08-22T00:00:00,9.0
2017-08-21T00:00:00,9.0
2017-08-18T00:00:00,9.0
2017-08-17T00:00:00,9.0
2017-08-16T00:00:00,9.0
2017-08-15T00:00:00,9.0
2017-08-14T00:00:00,9.0
2017-08-11T00:00:00,9.0
2017-08-10T00:00:00,9.0
2017-08-09T00:00:00,9.0
2017-08-08T00:00:00,9.0
2017-08-07T00:00:00,9.0
2017-08-04T00:00:00,9.0
2017-08-03T00:00:00,9.0
2017-08-02T00:00:00,9.0
2017-08-01T00:00:00,9.0
2017-07-31T00:00:00,9.0
2017-07-28T00:00:00,9.0
2017-07-27T00:00:00,9.0
2017-07-26T00:00:00,9.0
2017-07-25T00:00:00,9.0
2017-07-24T00:00:00,9.0
2017-07-21T00:00:00,9.0
2017-07-20T00:00:00,9.0
2017-07-19T00:00:00,9.0
2017-07-18T00:00:00,9.0
2017-07-17T00:00:00,9.0
2017-07-14T00:00:00,9.0
2017-07-13T00:00:00,9.0
2017-07-12T00:00:00,9.0
2017-07-11T00:00:00,9.0
2017-07-10T00:00:00,9.0
2017-07-07T00:00:00,9.0
2017-07-06T00:00:00,9.0
2017-07-05T00:00:00,9.0
2017-07-04T00:00:00,9.0
2017-07-03T00:00:00,9.0
2017-06-30T00:00:00,9.0
2017-06-29T00:00:00,9.0
2017-06-28T00:00:00,9.0
2017-06-27T00:00:00,9.0
2017-06-26T00:00:00,9.0
2017-06-23T00:00:00,9.0
2017-06-22T00:00:00,9.0
2017-06-21T00:00:00,9.0
2017-06-20T00:00:00,9.0
2017-06-19T00:00:00,9.0
2017-06-16T00:00:00,9.25
2017-06-15T00:00:00,9.25
2017-06-14T00:00:00,9.25
2017-06-13T00:00:00,9.25
2017-06-09T00:00:00,9.25
2017-06-08T00:00:00,9.25
2017-06-07T00:00:00,9.25
2017-06-06T00:00:00,9.25
2017-06-05T00:00:00,9.25
2017-06-02T00:00:00,9.25
2017-06-01T00:00:00,9.25
2017-05-31T00:00:00,9.25
2017-05-30T00:00:00,9.25
2017-05-29T00:00:00,9.25
2017-05-26T00:00:00,9.25
2017-05-25T00:00:00,9.25
2017-05-24T00:00:00,9.25
2017-05-23T00:00:00,9.25
2017-05-22T00:00:00,9.25
2017-05-19T00:00:00,9.25
2017-05-18T00:00:00,9.25
2017-05-17T00:00:00,9.25
2017-05-16T00:00:00,9.25
2017-05-15T00:00:00,9.25
2017-05-12T00:00:00,9.25
2017-05-11T00:00:00,9.25
2017-05-10T00:00:00,9.25
2017-05-05T00:00:00,9.25
2017-05-04T00:00:00,9.25
2017-05-03T00:00:00,9.25
2017-05-02T00:00:00,9.25
2017-04-28T00:00:00,9.75
2017-04-27T00:00:00,9.75
2017-04-26T00:00:00,9.75
2017-04-25T00:00:00,9.75
2017-04-24T00:00:00,9.75
2017-04-21T00:00:00,9.75
2017-04-20T00:00:00,9.75
2017-04-19T00:00:00,9.75
2017-04-18T00:00:00,9.75
2017-04-17T00:00:00,9.75
2017-04-14T00:00:00,9.75
2017-04-13T00:00:00,9.75
2017-04-12T00:00:00,9.75
2017-04-11T00:00:00,9.75
2017-04-10T00:00:00,9.75
2017-04-07T00:00:00,9.75
2017-04-06T00:00:00,9.75
2017-04-05T00:00:00,9.75
2017-04-04T00:00:00,9.75
2017-04-03T00:00:00,9.75
2017-03-31T00:00:00,9.75
2017-03-30T00:00:00,9.75
2017-03-29T00:00:00,9.75
2017-03-28T00:00:00,9.75
2017-03-27T00:00:00,9.75
2017-03-24T00:00:00,10.0
2017-03-23T00:00:00,10.0
2017-03-22T00:00:00,10.0
2017-03-21T00:00:00,10.0
2017-03-20T00:00:00,10.0
2017-03-17T00:00:00,10.0
2017-03-16T00:00:00,10.0
2017-03-15T00:00:00,10.0
2017-03-14T00:00:00,10.0
2017-03-13T00:00:00,10.0
2017-03-10T00:00:00,10.0
2017-03-09T00:00:00,10.0
2017-03-07T00:00:00,10.0
2017-03-06T00:00:00,10.0
2017-03-03T00:00:00,10.0
2017-03-02T00:00:00,10.0
2017-03-01T00:00:00,10.0
2017-02-28T00:00:00,10.0
2017-02-27T00:00:00,10.0
2017-02-22T00:00:00,10.0
2017-02-21T00:00:00,10.0
2017-02-20T00:00:00,10.0
2017-02-17T00:00:00,10.0
2017-02-16T00:00:00,10.0
2017-02-15T00:00:00,10.0
2017-02-14T00:00:00,10.0
2017-02-13T00:00:00,10.0
2017-02-10T00:00:00,10.0
2017-02-09T00:00:00,10.0
2017-02-08T00:00:00,10.0
2017-02-07T00:00:00,10.0
2017-02-06T00:00:00,10.0
2017-02-03T00:00:00,10.0
2017-02-02T00:00:00,10.0
2017-02-01T00:00:00,10.0
2017-01-31T00:00:00,10.0
2017-01-30T00:00:00,10.0
2017-01-27T00:00:00,10.0
2017-01-26T00:00:00,10.0
2017-01-25T00:00:00,10.0
2017-01-24T00:00:00,10.0
2017-01-23T00:00:00,10.0
2017-01-20T00:00:00,10.0
2017-01-19T00:00:00,10.0
2017-01-18T00:00:00,10.0
2017-01-17T00:00:00,10.0
2017-01-16T00:00:00,10.0
2017-01-13T00:00:00,10.0
2017-01-12T00:00:00,10.0
2017-01-11T00:00:00,10.0
2017-01-10T00:00:00,10.0
2017-01-09T00:00:00,10.0
2016-12-30T00:00:00,10.0
2016-12-29T00:00:00,10.0
2016-12-28T00:00:00,10.0
2016-12-27T00:00:00,10.0
2016-12-26T00:00:00,10.0
2016-12-23T00:00:00,10.0
2016-12-22T00:00:00,10.0
2016-12-21T00:00:00,10.0
2016-12-20T00:00:00,10.0
2016-12-19T00:00:00,10.0
2016-12-16T00:00:00,10.0
2016-12-15T00:00:00,10.0
2016-12-14T00:00:00,10.0
2016-12-13T00:00:00,10.0
2016-12-12T00:00:00,10.0
2016-12-09T00:00:00,10.0
2016-12-08T00:00:00,10.0
2016-12-07T00:00:00,10.0
2016-12-06T00:00:00,10.0
2016-12-05T00:00:00,10.0
2016-12-02T00:00:00,10.0
2016-12-01T00:00:00,10.0
2016-11-30T00:00:00,10.0
2016-11-29T00:00:00,10.0
2016-11-28T00:00:00,10.0
2016-11-25T00:00:00,10.0
2016-11-24T00:00:00,10.0
2016-11-23T00:00:00,10.0
2016-11-22T00:00:00,10.0
2016-11-21T00:00:00,10.0
2016-11-18T00:00:00,10.0
2016-11-17T00:00:00,10.0
2016-11-16T00:00:00,10.0
2016-11-15T00:00:00,10.0
2016-11-14T00:00:00,10.0
2016-11-11T00:00:00,10.0
2016-11-10T00:00:00,10.0
2016-11-09T00:00:00,10.0
2016-11-08T00:00:00,10.0
2016-11-07T00:00:00,10.0
2016-11-03T00:00:00,10.0
2016-11-02T00:00:00,10.0
2016-11-01T00:00:00,10.0
2016-10-31T00:00:00,10.0
2016-10-28T00:00:00,10.0
2016-10-27T00:00:00,10.0
2016-10-26T00:00:00,10.0
2016-10-25T00:00:00,10.0
2016-10-24T00:00:00,10.0
2016-10-21T00:00:00,10.0
2016-10-20T00:00:00,10.0
2016-10-19T00:00:00,10.0
2016-10-18T00:00:00,10.0
2016-10-17T00:00:00,10.0
2016-10-14T00:00:00,10.0
2016-10-13T00:00:00,10.0
2016-10-12T00:00:00,10.0
2016-10-11T00:00:00,10.0
2016-10-10T00:00:00,10.0
2016-10-07T00:00:00,10.0
2016-10-06T00:00:00,10.0
2016-10-05T00:00:00,10.0
2016-10-04T00:00:00,10.0
2016-10-03T00:00:00,10.0
2016-09-30T00:00:00,10.0
2016-09-29T00:00:00,10.0
2016-09-28T00:00:00,10.0
2016-09-27T00:00:00,10.0
2016-09-26T00:00:00,10.0
2016-09-23T00:00:00,10.0
2016-09-22T00:00:00,10.0
2016-09-21T00:00:00,10.0
2016-09-20T00:00:00,10.0
2016-09-19T00:00:00,10.0
2016-09-16T00:00:00,10.5
2016-09-15T00:00:00,10.5
2016-09-14T00:00:00,10.5
2016-09-13T00:00:00,10.5
2016-09-12T00:00:00,10.5
2016-09-09T00:00:00,10.5
2016-09-08T00:00:00,10.5
2016-09-07T00:00:00,10.5
2016-09-06T00:00:00,10.5
2016-09-05T00:00:00,10.5
2016-09-02T00:00:00,10.5
2016-09-01T00:00:00,10.5
2016-08-31T00:00:00,10.5
2016-08-30T00:00:00,10.5
2016-08-29T00:00:00,10.5
2016-08-26T00:00:00,10.5
2016-08-25T00:00:00,10.5
2016-08-24T00:00:00,10.5
2016-08-23T00:00:00,10.5
2016-08-22T00:00:00,10.5
2016-08-19T00:00:00,10.5
2016-08-18T00:00:00,10.5
2016-08-17T00:00:00,10.5
2016-08-16T00:00:00,10.5
2016-08-15T00:00:00,10.5
2016-08-12T00:00:00,10.5
2016-08-11T00:00:00,10.5
2016-08-10T00:00:00,10.5
2016-08-09T00:00:00,10.5
2016-08-08T00:00:00,10.5
2016-08-05T00:00:00,10.5
2016-08-04T00:00:00,10.5
2016-08-03T00:00:00,10.5
2016-08-02T00:00:00,10.5
2016-08-01T00:00:00,10.5
2016-07-29T00:00:00,10.5
2016-07-28T00:00:00,10.5
2016-07-27T00:00:00,10.5
2016-07-26T00:00:00,10.5
2016-07-25T00:00:00,10.5
2016-07-22T00:00:00,10.5
2016-07-21T00:00:00,10.5
2016-07-20T00:00:00,10.5
2016-07-19T00:00:00,10.5
2016-07-18T00:00:00,10.5
2016-07-15T00:00:00,10.5
2016-07-14T00:00:00,10.5
2016-07-13T00:00:00,10.5
2016-07-12T00:00:00,10.5
2016-07-11T00:00:00,10.5
2016-07-08T00:00:00,10.5
2016-07-07T00:00:00,10.5
2016-07-06T00:00:00,10.5
2016-07-05T00:00:00,10.5
2016-07-04T00:00:00,10.5
2016-07-01T00:00:00,10.5
2016-06-30T00:00:00,10.5
2016-06-29T00:00:00,10.5
2016-06-28T00:00:00,10.5
2016-06-27T00:00:00,10.5
2016-06-24T00:00:00,10.5
2016-06-23T00:00:00,10.5
2016-06-22T00:00:00,10.5
2016-06-21T00:00:00,10.5
2016-06-20T00:00:00,10.5
2016-06-17T00:00:00,10.5
2016-06-16T00:00:00,10.5
2016-06-15T00:00:00,10.5
2016-06-14T00:00:00,10.5
2016-06-10T00:00:00,11.0
2016-06-09T00:00:00,11.0
2016-06-08T00:00:00,11.0
2016-06-07T00:00:00,11.0
2016-06-06T00:00:00,11.0
2016-06-03T00:00:00,11.0
2016-06-02T00:00:00,11.0
2016-06-01T00:00:00,11.0
2016-05-31T00:00:00,11.0
2016-05-30T00:00:00,11.0
2016-05-27T00:00:00,11.0
2016-05-26T00:00:00,11.0
2016-05-25T00:00:00,11.0
2016-05-24T00:00:00,11.0
2016-05-23T00:00:00,11.0
2016-05-20T00:00:00,11.0
2016-05-19T00:00:00,11.0
2016-05-18T00:00:00,11.0
2016-05-17T00:00:00,11.0
2016-05-16T00:00:00,11.0
2016-05-13T00:00:00,11.0
2016-05-12T00:00:00,11.0
2016-05-11T00:00:00,11.0
2016-05-10T00:00:00,11.0
2016-05-06T00:00:00,11.0
2016-05-05T00:00:00,11.0
2016-05-04T00:00:00,11.0
2016-04-29T00:00:00,11.0
2016-04-28T00:00:00,11.0
2016-04-27T00:00:00,11.0
2016-04-26T00:00:00,11.0
2016-04-25T00:00:00,11.0
2016-04-22T00:00:00,11.0
2016-04-21T00:00:00,11.0
2016-04-20T00:00:00,11.0
2016-04-19T00:00:00,11.0
2016-04-18T00:00:00,11.0
2016-04-15T00:00:00,11.0
2016-04-14T00:00:00,11.0
2016-04-13T00:00:00,11.0
2016-04-12T00:00:00,11.0
2016-04-11T00:00:00,11.0
2016-04-08T00:00:00,11.0
2016-04-07T00:00:00,11.0
2016-04-06T00:00:00,11.0
2016-04-05T00:00:00,11.0
2016-04-04T00:00:00,11.0
2016-04-01T00:00:00,11.0
2016-03-31T00:00:00,11.0
2016-03-30T00:00:00,11.0
2016-03-29T00:00:00,11.0
2016-03-28T00:00:00,11.0
2016-03-25T00:00:00,11.0
2016-03-24T00:00:00,11.0
2016-03-23T00:00:00,11.0
2016-03-22T00:00:00,11.0
2016-03-21T00:00:00,11.0
2016-03-18T00:00:00,11.0
2016-03-17T00:00:00,11.0
2016-03-16T00:00:00,11.0
2016-03-15T00:00:00,11.0
2016-03-14T00:00:00,11.0
2016-03-11T00:00:00,11.0
2016-03-10T00:00:00,11.0
2016-03-09T00:00:00,11.0
2016-03-04T00:00:00,11.0
2016-03-03T00:00:00,11.0
2016-03-02T00:00:00,11.0
2016-03-01T00:00:00,11.0
2016-02-29T00:00:00,11.0
2016-02-26T00:00:00,11.0
2016-02-25T00:00:00,11.0
2016-02-24T00:00:00,11.0
2016-02-20T00:00:00,11.0
2016-02-19T00:00:00,11.0
2016-02-18T00:00:00,11.0
2016-02-17T00:00:00,11.0
2016-02-16T00:00:00,11.0
2016-02-15T00:00:00,11.0
2016-02-12T00:00:00,11.0
2016-02-11T00:00:00,11.0
2016-02-10T00:00:00,11.0
2016-02-09T00:00:00,11.0
2016-02-08T00:00:00,11.0
2016-02-05T00:00:00,11.0
2016-02-04T00:00:00,11.0
2016-02-03T00:00:00,11.0
2016-02-02T00:00:00,11.0
2016-02-01T00:00:00,11.0
2016-01-29T00:00:00,11.0
2016-01-28T00:00:00,11.0
2016-01-27T00:00:00,11.0
2016-01-26T00:00:00,11.0
2016-01-25T00:00:00,11.0
2016-01-22T00:00:00,11.0
2016-01-21T00:00:00,11.0
2016-01-20T00:00:00,11.0
2016-01-19T00:00:00,11.0
2016-01-18T00:00:00,11.0
2016-01-15T00:00:00,11.0
2016-01-14T00:00:00,11.0
2016-01-13T00:00:00,11.0
2016-01-12T00:00:00,11.0
2016-01-11T00:00:00,11.0
2016-01-01T00:00:00,11.0
2015-12-31T00:00:00,11.0
2015-12-30T00:00:00,11.0
2015-12-29T00:00:00,11.0
2015-12-28T00:00:00,11.0
2015-12-25T00:00:00,11.0
2015-12-24T00:00:00,11.0
2015-12-23T00:00:00,11.0
2015-12-22T00:00:00,11.0
2015-12-21T00:00:00,11.0
2015-12-18T00:00:00,11.0
2015-12-17T00:00:00,11.0
2015-12-16T00:00:00,11.0
2015-12-15T00:00:00,11.0
2015-12-14T00:00:00,11.0
2015-12-11T00:00:00,11.0
2015-12-10T00:00:00,11.0
2015-12-09T00:00:00,11.0
2015-12-08T00:00:00,11.0
2015-12-07T00:00:00,11.0
2015-12-04T00:00:00,11.0
2015-12-03T00:00:00,11.0
2015-12-02T00:00:00,11.0
2015-12-01T00:00:00,11.0
2015-11-30T00:00:00,11.0
2015-11-27T00:00:00,11.0
2015-11-26T00:00:00,11.0
2015-11-25T00:00:00,11.0
2015-11-24T00:00:00,11.0
2015-11-23T00:00:00,11.0
2015-11-20T00:00:00,11.0
2015-11-19T00:00:00,11.0
2015-11-18T00:00:00,11.0
2015-11-17T00:00:00,11.0
2015-11-16T00:00:00,11.0
2015-11-13T00:00:00,11.0
2015-11-12T00:00:00,11.0
2015-11-11T00:00:00,11.0
2015-11-10T00:00:00,11.0
2015-11-09T00:00:00,11.0
2015-11-06T00:00:00,11.0
2015-11-05T00:00:00,11.0
2015-11-03T00:00:00,11.0
2015-11-02T00:00:00,11.0
2015-10-30T00:00:00,11.0
2015-10-29T00:00:00,11.0
2015-10-28T00:00:00,11.0
2015-10-27T00:00:00,11.0
2015-10-26T00:00:00,11.0
2015-10-23T00:00:00,11.0
2015-10-22T00:00:00,11.0
2015-10-21T00:00:00,11.0
2015-10-20T00:00:00,11.0
2015-10-19T00:00:00,11.0
2015-10-16T00:00:00,11.0
2015-10-15T00:00:00,11.0
2015-10-14T00:00:00,11.0
2015-10-13T00:00:00,11.0
2015-10-12T00:00:00,11.0
2015-10-09T00:00:00,11.0
2015-10-08T00:00:00,11.0
2015-10-07T00:00:00,11.0
2015-10-06T00:00:00,11.0
2015-10-05T00:00:00,11.0
2015-10-02T00:00:00,11.0
2015-10-01T00:00:00,11.0
2015-09-30T00:00:00,11.0
2015-09-29T00:00:00,11.0
2015-09-28T00:00:00,11.0
2015-09-25T00:00:00,11.0
2015-09-24T00:00:00,11.0
2015-09-23T00:00:00,11.0
2015-09-22T00:00:00,11.0
2015-09-21T00:00:00,11.0
2015-09-18T00:00:00,11.0
2015-09-17T00:00:00,11.0
2015-09-16T00:00:00,11.0
2015-09-15T00:00:00,11.0
2015-09-14T00:00:00,11.0
2015-09-11T00:00:00,11.0
2015-09-10T00:00:00,11.0
2015-09-09T00:00:00,11.0
2015-09-08T00:00:00,11.0
2015-09-07T00:00:00,11.0
2015-09-04T00:00:00,11.0
2015-09-03T00:00:00,11.0
2015-09-02T00:00:00,11.0
2015-09-01T00:00:00,11.0
2015-08-31T00:00:00,11.0
2015-08-28T00:00:00,11.0
2015-08-27T00:00:00,11.0
2015-08-26T00:00:00,11.0
2015-08-25T00:00:00,11.0
2015-08-24T00:00:00,11.0
2015-08-21T00:00:00,11.0
2015-08-20T00:00:00,11.0
2015-08-19T00:00:00,11.0
2015-08-18T00:00:00,11.0
2015-08-17T00:00:00,11.0
2015-08-14T00:00:00,11.0
2015-08-13T00:00:00,11.0
2015-08-12T00:00:00,11.0
2015-08-11T00:00:00,11.0
2015-08-10T00:00:00,11.0
2015-08-07T00:00:00,11.0
2015-08-06T00:00:00,11.0
2015-08-05T00:00:00,11.0
2015-08-04T00:00:00,11.0
2015-08-03T00:00:00,11.0
2015-07-31T00:00:00,11.5
2015-07-30T00:00:00,11.5
2015-07-29T00:00:00,11.5
2015-07-28T00:00:00,11.5
2015-07-27T00:00:00,11.5
2015-07-24T00:00:00,11.5
2015-07-23T00:00:00,11.5
2015-07-22T00:00:00,11.5
2015-07-21T00:00:00,11.5
2015-07-20T00:00:00,11.5
2015-07-17T00:00:00,11.5
2015-07-16T00:00:00,11.5
2015-07-15T00:00:00,11.5
2015-07-14T00:00:00,11.5
2015-07-13T00:00:00,11.5
2015-07-10T00:00:00,11.5
2015-07-09T00:00:00,11.5
2015-07-08T00:00:00,11.5
2015-07-07T00:00:00,11.5
2015-07-06T00:00:00,11.5
2015-07-03T00:00:00,11.5
2015-07-02T00:00:00,11.5
2015-07-01T00:00:00,11.5
2015-06-30T00:00:00,11.5
2015-06-29T00:00:00,11.5
2015-06-26T00:00:00,11.5
2015-06-25T00:00:00,11.5
2015-06-24T00:00:00,11.5
2015-06-23T00:00:00,11.5
2015-06-22T00:00:00,11.5
2015-06-19T00:00:00,11.5
2015-06-18T00:00:00,11.5
2015-06-17T00:00:00,11.5
2015-06-16T00:00:00,11.5
2015-06-15T00:00:00,12.5
2015-06-11T00:00:00,12.5
2015-06-10T00:00:00,12.5
2015-06-09T00:00:00,12.5
2015-06-08T00:00:00,12.5
2015-06-05T00:00:00,12.5
2015-06-04T00:00:00,12.5
2015-06-03T00:00:00,12.5
2015-06-02T00:00:00,12.5
2015-06-01T00:00:00,12.5
2015-05-29T00:00:00,12.5
2015-05-28T00:00:00,12.5
2015-05-27T00:00:00,12.5
2015-05-26T00:00:00,12.5
2015-05-25T00:00:00,12.5
2015-05-22T00:00:00,12.5
2015-05-21T00:00:00,12.5
2015-05-20T00:00:00,12.5
2015-05-19T00:00:00,12.5
2015-05-18T00:00:00,12.5
2015-05-15T00:00:00,12.5
2015-05-14T00:00:00,12.5
2015-05-13T00:00:00,12.5
2015-05-12T00:00:00,12.5
2015-05-08T00:00:00,12.5
2015-05-07T00:00:00,12.5
2015-05-06T00:00:00,12.5
2015-05-05T00:00:00,12.5
2015-05-01T00:00:00,14.0
2015-04-30T00:00:00,14.0
2015-04-29T00:00:00,14.0
2015-04-28T00:00:00,14.0
2015-04-27T00:00:00,14.0
2015-04-24T00:00:00,14.0
2015-04-23T00:00:00,14.0
2015-04-22T00:00:00,14.0
2015-04-21T00:00:00,14.0
2015-04-20T00:00:00,14.0
2015-04-17T00:00:00,14.0
2015-04-16T00:00:00,14.0
2015-04-15T00:00:00,14.0
2015-04-14T00:00:00,14.0
2015-04-13T00:00:00,14.0
2015-04-10T00:00:00,14.0
2015-04-09T00:00:00,14.0
2015-04-08T00:00:00,14.0
2015-04-07T00:00:00,14.0
2015-04-06T00:00:00,14.0
2015-04-03T00:00:00,14.0
2015-04-02T00:00:00,14.0
2015-04-01T00:00:00,14.0
2015-03-31T00:00:00,14.0
2015-03-30T00:00:00,14.0
2015-03-27T00:00:00,14.0
2015-03-26T00:00:00,14.0
2015-03-25T00:00:00,14.0
2015-03-24T00:00:00,14.0
2015-03-23T00:00:00,14.0
2015-03-20T00:00:00,14.0
2015-03-19T00:00:00,14.0
2015-03-18T00:00:00,14.0
2015-03-17T00:00:00,14.0
2015-03-16T00:00:00,14.0
2015-03-13T00:00:00,15.0
2015-03-12T00:00:00,15.0
2015-03-11T00:00:00,15.0
2015-03-10T00:00:00,15.0
2015-03-06T00:00:00,15.0
2015-03-05T00:00:00,15.0
2015-03-04T00:00:00,15.0
2015-03-03T00:00:00,15.0
2015-03-02T00:00:00,15.0
2015-02-27T00:00:00,15.0
2015-02-26T00:00:00,15.0
2015-02-25T00:00:00,15.0
2015-02-24T00:00:00,15.0
2015-02-20T00:00:00,15.0
2015-02-19T00:00:00,15.0
2015-02-18T00:00:00,15.0
2015-02-17T00:00:00,15.0
2015-02-16T00:00:00,15.0
2015-02-13T00:00:00,15.0
2015-02-12T00:00:00,15.0
2015-02-11T00:00:00,15.0
2015-02-10T00:00:00,15.0
2015-02-09T00:00:00,15.0
2015-02-06T00:00:00,15.0
2015-02-05T00:00:00,15.0
2015-02-04T00:00:00,15.0
2015-02-03T00:00:00,15.0
2015-02-02T00:00:00,15.0
2015-01-30T00:00:00,17.0
2015-01-29T00:00:00,17.0
2015-01-28T00:00:00,17.0
2015-01-27T00:00:00,17.0
2015-01-26T00:00:00,17.0
2015-01-23T00:00:00,17.0
2015-01-22T00:00:00,17.0
2015-01-21T00:00:00,17.0
2015-01-20T00:00:00,17.0
2015-01-19T00:00:00,17.0
2015-01-16T00:00:00,17.0
2015-01-15T00:00:00,17.0
2015-01-14T00:00:00,17.0
2015-01-13T00:00:00,17.0
2015-01-12T00:00:00,17.0
2014-12-31T00:00:00,17.0
2014-12-30T00:00:00,17.0
2014-12-29T00:00:00,17.0
2014-12-26T00:00:00,17.0
2014-12-25T00:00:00,17.0
2014-12-24T00:00:00,17.0
2014-12-23T00:00:00,17.0
2014-12-22T00:00:00,17.0
2014-12-19T00:00:00,17.0
2014-12-18T00:00:00,17.0
2014-12-17T00:00:00,17.0
2014-12-16T00:00:00,17.0
2014-12-15T00:00:00,10.5
2014-12-12T00:00:00,10.5
2014-12-11T00:00:00,9.5
2014-12-10T00:00:00,9.5
2014-12-09T00:00:00,9.5
2014-12-08T00:00:00,9.5
2014-12-05T00:00:00,9.5
2014-12-04T00:00:00,9.5
2014-12-03T00:00:00,9.5
2014-12-02T00:00:00,9.5
2014-12-01T00:00:00,9.5
2014-11-28T00:00:00,9.5
2014-11-27T00:00:00,9.5
2014-11-26T00:00:00,9.5
2014-11-25T00:00:00,9.5
2014-11-24T00:00:00,9.5
2014-11-21T00:00:00,9.5
2014-11-20T00:00:00,9.5
2014-11-19T00:00:00,9.5
2014-11-18T00:00:00,9.5
2014-11-17T00:00:00,9.5
2014-11-14T00:00:00,9.5
2014-11-13T00:00:00,9.5
2014-11-12T00:00:00,9.5
2014-11-11T00:00:00,9.5
2014-11-10T00:00:00,9.5
2014-11-07T00:00:00,9.5
2014-11-06T00:00:00,9.5
2014-11-05T00:00:00,9.5
2014-10-31T00:00:00,8.0
2014-10-30T00:00:00,8.0
2014-10-29T00:00:00,8.0
2014-10-28T00:00:00,8.0
2014-10-27T00:00:00,8.0
2014-10-24T00:00:00,8.0
2014-10-23T00:00:00,8.0
2014-10-22T00:00:00,8.0
2014-10-21T00:00:00,8.0
2014-10-20T00:00:00,8.0
2014-10-17T00:00:00,8.0
2014-10-16T00:00:00,8.0
2014-10-15T00:00:00,8.0
2014-10-14T00:00:00,8.0
2014-10-13T00:00:00,8.0
2014-10-10T00:00:00,8.0
2014-10-09T00:00:00,8.0
2014-10-08T00:00:00,8.0
2014-10-07T00:00:00,8.0
2014-10-06T00:00:00,8.0
2014-10-03T00:00:00,8.0
2014-10-02T00:00:00,8.0
2014-10-01T00:00:00,8.0
2014-09-30T00:00:00,8.0
2014-09-29T00:00:00,8.0
2014-09-26T00:00:00,8.0
2014-09-25T00:00:00,8.0
2014-09-24T00:00:00,8.0
2014-09-23T00:00:00,8.0
2014-09-22T00:00:00,8.0
2014-09-19T00:00:00,8.0
2014-09-18T00:00:00,8.0
2014-09-17T00:00:00,8.0
2014-09-16T00:00:00,8.0
2014-09-15T00:00:00,8.0
2014-09-12T00:00:00,8.0
2014-09-11T00:00:00,8.0
2014-09-10T00:00:00,8.0
2014-09-09T00:00:00,8.0
2014-09-08T00:00:00,8.0
2014-09-05T00:00:00,8.0
2014-09-04T00:00:00,8.0
2014-09-03T00:00:00,8.0
2014-09-02T00:00:00,8.0
2014-09-01T00:00:00,8.0
2014-08-29T00:00:00,8.0
2014-08-28T00:00:00,8.0
2014-08-27T00:00:00,8.0
2014-08-26T00:00:00,8.0
2014-08-25T00:00:00,8.0
2014-08-22T00:00:00,8.0
2014-08-21T00:00:00,8.0
2014-08-20T00:00:00,8.0
2014-08-19T00:00:00,8.0
2014-08-18T00:00:00,8.0
2014-08-15T00:00:00,8.0
2014-08-14T00:00:00,8.0
2014-08-13T00:00:00,8.0
2014-08-12T00:00:00,8.0
2014-08-11T00:00:00,8.0
2014-08-08T00:00:00,8.0
2014-08-07T00:00:00,8.0
2014-08-06T00:00:00,8.0
2014-08-05T00:00:00,8.0
2014-08-04T00:00:00,8.0
2014-08-01T00:00:00,8.0
2014-07-31T00:00:00,8.0
2014-07-30T00:00:00,8.0
2014-07-29T00:00:00,8.0
2014-07-28T00:00:00,8.0
2014-07-25T00:00:00,7.5
2014-07-24T00:00:00,7.5
2014-07-23T00:00:00,7.5
2014-07-22T00:00:00,7.5
2014-07-21T00:00:00,7.5
2014-07-18T00:00:00,7.5
2014-07-17T00:00:00,7.5
2014-07-16T00:00:00,7.5
2014-07-15T00:00:00,7.5
2014-07-14T00:00:00,7.5
2014-07-11T00:00:00,7.5
2014-07-10T00:00:00,7.5
2014-07-09T00:00:00,7.5
2014-07-08T00:00:00,7.5
2014-07-07T00:00:00,7.5
2014-07-04T00:00:00,7.5
2014-07-03T00:00:00,7.5
2014-07-02T00:00:00,7.5
2014-07-01T00:00:00,7.5
2014-06-30T00:00:00,7.5
2014-06-27T00:00:00,7.5
2014-06-26T00:00:00,7.5
2014-06-25T00:00:00,7.5
2014-06-24T00:00:00,7.5
2014-06-23T00:00:00,7.5
2014-06-20T00:00:00,7.5
2014-06-19T00:00:00,7.5
2014-06-18T00:00:00,7.5
2014-06-17T00:00:00,7.5
2014-06-16T00:00:00,7.5
2014-06-11T00:00:00,7.5
2014-06-10T00:00:00,7.5
2014-06-09T00:00:00,7.5
2014-06-06T00:00:00,7.5
2014-06-05T00:00:00,7.5
2014-06-04T00:00:00,7.5
2014-06-03T00:00:00,7.5
2014-06-02T00:00:00,7.5
2014-05-30T00:00:00,7.5
2014-05-29T00:00:00,7.5
2014-05-28T00:00:00,7.5
2014-05-27T00:00:00,7.5
2014-05-26T00:00:00,7.5
2014-05-23T00:00:00,7.5
2014-05-22T00:00:00,7.5
2014-05-21T00:00:00,7.5
2014-05-20T00:00:00,7.5
2014-05-19T00:00:00,7.5
2014-05-16T00:00:00,7.5
2014-05-15T00:00:00,7.5
2014-05-14T00:00:00,7.5
2014-05-13T00:00:00,7.5
2014-05-12T00:00:00,7.5
2014-05-08T00:00:00,7.5
2014-05-07T00:00:00,7.5
2014-05-06T00:00:00,7.5
2014-05-05T00:00:00,7.5
2014-04-30T00:00:00,7.5
2014-04-29T00:00:00,7.5
2014-04-28T00:00:00,7.5
2014-04-25T00:00:00,7.0
2014-04-24T00:00:00,7.0
2014-04-23T00:00:00,7.0
2014-04-22T00:00:00,7.0
2014-04-21T00:00:00,7.0
2014-04-18T00:00:00,7.0
2014-04-17T00:00:00,7.0
2014-04-16T00:00:00,7.0
2014-04-15T00:00:00,7.0
2014-04-14T00:00:00,7.0
2014-04-11T00:00:00,7.0
2014-04-10T00:00:00,7.0
2014-04-09T00:00:00,7.0
2014-04-08T00:00:00,7.0
2014-04-07T00:00:00,7.0
2014-04-04T00:00:00,7.0
2014-04-03T00:00:00,7.0
2014-04-02T00:00:00,7.0
2014-04-01T00:00:00,7.0
2014-03-31T00:00:00,7.0
2014-03-28T00:00:00,7.0
2014-03-27T00:00:00,7.0
2014-03-26T00:00:00,7.0
2014-03-25T00:00:00,7.0
2014-03-24T00:00:00,7.0
2014-03-21T00:00:00,7.0
2014-03-20T00:00:00,7.0
2014-03-19T00:00:00,7.0
2014-03-18T00:00:00,7.0
2014-03-17T00:00:00,7.0
2014-03-14T00:00:00,7.0
2014-03-13T00:00:00,7.0
2014-03-12T00:00:00,7.0
2014-03-11T00:00:00,7.0
2014-03-07T00:00:00,7.0
2014-03-06T00:00:00,7.0
2014-03-05T00:00:00,7.0
2014-03-04T00:00:00,7.0
2014-03-03T00:00:00,7.0
2014-02-28T00:00:00,5.5
2014-02-27T00:00:00,5.5
2014-02-26T00:00:00,5.5
2014-02-25T00:00:00,5.5
2014-02-24T00:00:00,5.5
2014-02-21T00:00:00,5.5
2014-02-20T00:00:00,5.5
2014-02-19T00:00:00,5.5
2014-02-18T00:00:00,5.5
2014-02-17T00:00:00,5.5
2014-02-14T00:00:00,5.5
2014-02-13T00:00:00,5.5
2014-02-12T00:00:00,5.5
2014-02-11T00:00:00,5.5
2014-02-10T00:00:00,5.5
2014-02-07T00:00:00,5.5
2014-02-06T00:00:00,5.5
2014-02-05T00:00:00,5.5
2014-02-04T00:00:00,5.5
2014-02-03T00:00:00,5.5
2014-01-31T00:00:00,5.5
2014-01-30T00:00:00,5.5
2014-01-29T00:00:00,5.5
2014-01-28T00:00:00,5.5
2014-01-27T00:00:00,5.5
2014-01-24T00:00:00,5.5
2014-01-23T00:00:00,5.5
2014-01-22T00:00:00,5.5
2014-01-21T00:00:00,5.5
2014-01-20T00:00:00,5.5
2014-01-17T00:00:00,5.5
2014-01-16T00:00:00,5.5
2014-01-15T00:00:00,5.5
2014-01-14T00:00:00,5.5
2014-01-13T00:00:00,5.5
2014-01-10T00:00:00,5.5
2014-01-09T00:00:00,5.5
2013-12-31T00:00:00,5.5
2013-12-30T00:00:00,5.5
2013-12-27T00:00:00,5.5
2013-12-26T00:00:00,5.5
2013-12-25T00:00:00,5.5
2013-12-24T00:00:00,5.5
2013-12-23T00:00:00,5.5
2013-12-20T00:00:00,5.5
2013-12-19T00:00:00,5.5
2013-12-18T00:00:00,5.5
2013-12-17T00:00:00,5.5
2013-12-16T00:00:00,5.5
2013-12-13T00:00:00,5.5
2013-12-12T00:00:00,5.5
2013-12-11T00:00:00,5.5
2013-12-10T00:00:00,5.5
2013-12-09T00:00:00,5.5
2013-12-06T00:00:00,5.5
2013-12-05T00:00:00,5.5
2013-12-04T00:00:00,5.5
2013-12-03T00:00:00,5.5
2013-12-02T00:00:00,5.5
2013-11-29T00:00:00,5.5
2013-11-28T00:00:00,5.5
2013-11-27T00:00:00,5.5
2013-11-26T00:00:00,5.5
2013-11-25T00:00:00,5.5
2013-11-22T00:00:00,5.5
2013-11-21T00:00:00,5.5
2013-11-20T00:00:00,5.5
2013-11-19T00:00:00,5.5
2013-11-18T00:00:00,5.5
2013-11-15T00:00:00,5.5
2013-11-14T00:00:00,5.5
2013-11-13T00:00:00,5.5
2013-11-12T00:00:00,5.5
2013-11-11T00:00:00,5.5
2013-11-08T00:00:00,5.5
2013-11-07T00:00:00,5.5
2013-11-06T00:00:00,5.5
2013-11-05T00:00:00,5.5
2013-11-01T00:00:00,5.5
2013-10-31T00:00:00,5.5
2013-10-30T00:00:00,5.5
2013-10-29T00:00:00,5.5
2013-10-28T00:00:00,5.5
2013-10-25T00:00:00,5.5
2013-10-24T00:00:00,5.5
2013-10-23T00:00:00,5.5
2013-10-22T00:00:00,5.5
2013-10-21T00:00:00,5.5
2013-10-18T00:00:00,5.5
2013-10-17T00:00:00,5.5
2013-10-16T00:00:00,5.5
2013-10-15T00:00:00,5.5
2013-10-14T00:00:00,5.5
2013-10-11T00:00:00,5.5
2013-10-10T00:00:00,5.5
2013-10-09T00:00:00,5.5
2013-10-08T00:00:00,5.5
2013-10-07T00:00:00,5.5
2013-10-04T00:00:00,5.5
2013-10-03T00:00:00,5.5
2013-10-02T00:00:00,5.5
2013-10-01T00:00:00,5.5
2013-09-30T00:00:00,5.5
2013-09-27T00:00:00,5.5
2013-09-26T00:00:00,5.5
2013-09-25T00:00:00,5.5
2013-09-24T00:00:00,5.5
2013-09-23T00:00:00,5.5
2013-09-20T00:00:00,5.5
2013-09-19T00:00:00,5.5
2013-09-18T00:00:00,5.5
2013-09-17T00:00:00,5.5
